feature,VIF,assessment
num__dien_tich_goc,1.2192068710491943,thấp
num__missingindicator_so_phong_ngu,1.2069710970876422,thấp
cat__loai_bds_Căn hộ/Chung cư,1.2046683140118846,thấp
cat__loai_bds_Đất nền,1.1964878106246084,thấp
num__so_phong_ngu,1.1096291880200275,thấp
cat__loai_bds_Khác,1.1006738423147244,thấp
cat__loai_bds_Biệt thự,1.0969413861850432,thấp
cat__khu_vuc_nhom_Bình Dương (mới sáp nhập),1.0967860592309417,thấp
cat__khu_vuc_nhom_Bà Rịa - Vũng Tàu (mới sáp nhập),1.0467945686939262,thấp
